term,definition,link,introduced_by_card_id
concurrency,"Structuring a program so multiple tasks can each make progress over the same stretch of time, whether or not they're literally running at the exact same instant -- one CPU core switching back and forth between two tasks still counts as concurrent.",https://en.wikipedia.org/wiki/Concurrency_(computer_science),1
parallelism,"Actually running multiple tasks at the exact same instant, which requires at least two CPU cores -- a stricter, physical version of concurrency, not just another word for the same thing.",https://docs.python.org/3/glossary.html#term-parallelism,8
I/O-bound,"Describes a program whose speed is limited by waiting on something outside the CPU -- disk, network, a database -- rather than by how fast it can compute. More threads or async tasks help here, since most of the time is spent waiting, not calculating.",https://en.wikipedia.org/wiki/I%2FO_bound,22
CPU-bound,Describes a program whose speed is limited by raw computation -- the CPU is constantly busy crunching numbers rather than waiting on anything external. Only real parallel execution across separate cores actually speeds this up.,https://en.wikipedia.org/wiki/CPU-bound,28
GIL,"Short for Global Interpreter Lock: a mutex inside CPython that only lets one thread execute Python bytecode at a time, even on a multi-core machine. It exists to keep memory management (reference counting) safe without needing a separate lock around every single variable.",https://docs.python.org/3/glossary.html#term-global-interpreter-lock,35
mutex,"The general operating-system term for a lock that only lets one thread hold it at a time (""mutual exclusion""). Python's threading.Lock and the GIL itself are both examples of a mutex.",https://en.wikipedia.org/wiki/Lock_(computer_science),35
reference counting,"CPython's way of tracking when to free an object's memory: every object carries a count of how many things currently reference it, and it gets deleted once that count hits zero. This counter needs protecting from simultaneous updates, which is a big reason the GIL exists.",https://en.wikipedia.org/wiki/Reference_counting,35
bytecode,The lower-level instruction set that Python source code (.py) gets compiled into before the interpreter actually runs it -- the GIL protects execution one bytecode instruction at a time.,https://docs.python.org/3/glossary.html#term-bytecode,41
switch interval,"The timer that controls how often CPython considers handing the GIL to a different waiting thread, even during a pure CPU-bound loop -- tunable via sys.setswitchinterval().",https://docs.python.org/3/library/sys.html#sys.setswitchinterval,53
C extension,"Code written in C (not Python) that CPython can call into, like the core of NumPy or pandas. A C extension can choose to release the GIL while it does heavy computation, letting other threads run in the meantime.",https://docs.python.org/3/extending/extending.html,59
free-threaded Python,"A build of CPython, defined by PEP 703, that can run without the GIL at all, letting threads get real multi-core parallelism for pure Python code. Officially supported starting in Python 3.14, but still opt-in, and marked by a 't' suffix like python3.14t.",https://peps.python.org/pep-0703/,1793
threading.Thread,"The standard-library class for creating a new thread: give it a target function (plus optional args/kwargs), then call .start() to actually begin running it concurrently.",https://docs.python.org/3/library/threading.html#thread-objects,59
daemon thread,"A thread marked daemon=True that Python kills automatically the instant the main program exits, even if it's still mid-task -- good for background work like logging, bad for anything that must finish, like a critical write.",https://docs.python.org/3/library/threading.html#thread-objects,97
main thread,The thread that automatically runs your script's top-level code when the program starts. By default the whole process stays alive until the main thread and every non-daemon thread it started have finished.,https://docs.python.org/3/library/threading.html#threading.main_thread,104
"fan-out, fan-in","A concurrency pattern: start (""fan out to"") a whole batch of threads or tasks at once, then wait (""fan in"") for all of them to finish -- as opposed to starting and immediately joining each one in turn, which would just run them sequentially instead of overlapping.",https://en.wikipedia.org/wiki/Fork%E2%80%93join_model,91
race condition,"A bug where the outcome depends on the unpredictable order or timing of multiple threads touching the same shared data -- e.g. two threads both reading, then both writing, an incremented counter, with one update silently getting lost.",https://en.wikipedia.org/wiki/Race_condition,134
critical section,"The specific block of code that touches shared, mutable data and therefore must not run on two threads at the same time -- everything else around it can safely run concurrently.",https://en.wikipedia.org/wiki/Critical_section,140
read-modify-write,"The pattern behind most race conditions: read a value, compute a new one from it, then write it back -- three separate steps another thread can sneak in between. counter += 1 is actually this, not one atomic step.",https://en.wikipedia.org/wiki/Read%E2%80%93modify%E2%80%93write,134
threading.Lock,"A mutex you create with threading.Lock() -- only one thread can acquire() it at a time, so wrapping shared-data access in it (ideally via 'with lock:') stops two threads from touching that data simultaneously.",https://docs.python.org/3/library/threading.html#lock-objects,146
threading.RLock,"A 'reentrant' lock -- unlike a plain Lock, the same thread can safely acquire it more than once (e.g. inside a recursive function) without deadlocking itself, as long as it releases it the same number of times it acquired it.",https://docs.python.org/3/library/threading.html#rlock-objects,158
deadlock,"A situation where two or more threads are each stuck waiting on a lock the other one is holding, so none of them can ever proceed -- the program just hangs forever, using no CPU.",https://en.wikipedia.org/wiki/Deadlock,164
livelock,"Like a deadlock, except the threads involved aren't frozen -- they're actively busy, repeatedly reacting to each other's state changes, but the pattern just repeats forever and none of them ever make real progress. E.g. two threads each politely 'stepping aside' to let the other go first, over and over, like two people in a hallway who keep dodging the same way and never get past each other.",https://en.wikipedia.org/wiki/Deadlock#Livelock,134
lock ordering,"The standard way to prevent deadlocks when a program uses multiple locks: always have every thread acquire them in the same fixed global order, which makes the circular 'each waiting on the other' situation impossible.",https://en.wikipedia.org/wiki/Deadlock_prevention_algorithms,170
atomic,"Describes an operation that completes as one indivisible step -- no other thread can ever observe it half-done. list.append() is effectively atomic in CPython thanks to the GIL, but counter += 1 is not, since it's really three separate steps.",https://en.wikipedia.org/wiki/Linearizability,176
threading.Event,A simple shared on/off flag: one thread calls .set() to flip it on and wake every other thread currently blocked in .wait(); .clear() resets it so it can be reused for the next signal.,https://docs.python.org/3/library/threading.html#event-objects,188
threading.Condition,"Combines a lock with the ability to wait()/notify() -- it lets a thread block until some specific condition about shared state becomes true, safely re-checking that condition in a while loop (not just once with an if) each time it wakes up.",https://docs.python.org/3/library/threading.html#condition-objects,1814
spurious wakeup,"When a thread waiting on a Condition wakes up even though the condition it's actually waiting for still isn't true -- the reason you always re-check the condition in a while loop after wait(), rather than trusting a single if check.",https://en.wikipedia.org/wiki/Spurious_wakeup,195
threading.Semaphore,"A counter-based lock that lets up to N threads hold it at once instead of just one -- great for capping how many threads can concurrently use a limited resource, like a connection pool.",https://docs.python.org/3/library/threading.html#semaphore-objects,208
threading.Timer,"A Thread subclass that runs a given function exactly once after a specified delay, on its own separate thread. Call .cancel() before it fires to stop it -- it has no effect once the function has already started running.",https://docs.python.org/3/library/threading.html#timer-objects,146
threading.local,"A way to give every thread its own private, isolated copy of an attribute under the same name -- no locking needed, since nothing is actually shared. Commonly used for things like per-thread database connections.",https://docs.python.org/3/library/threading.html#thread-local-data,146
threading.excepthook,"A callback you can override to globally catch and handle exceptions that escape a thread's target function uncaught. By default Python just prints the traceback and moves on, without crashing the main thread or any other thread.",https://docs.python.org/3/library/threading.html#threading.excepthook,128
multiprocessing.Process,"The class for creating a real, separate OS process, complete with its own memory and its own GIL. Its API deliberately mirrors threading.Thread: give it a target, call .start(), then .join().",https://docs.python.org/3/library/multiprocessing.html#the-process-class,232
copy-on-write,An operating-system trick where a forked child process shares the parent's memory pages instead of copying them upfront -- a private copy of any given page only actually gets made once either process tries to modify it.,https://en.wikipedia.org/wiki/Copy-on-write,250
fork,"A multiprocessing start method that duplicates the current process, including its memory, at the OS level to create the child. It's fast, but can be unsafe if the parent process has other threads running at the moment it forks.",https://en.wikipedia.org/wiki/Fork_(system_call),250
spawn,"A multiprocessing start method that starts a completely fresh Python interpreter for the child process, re-importing everything from scratch. Slower than fork, but it avoids inheriting risky state from the parent, and is the default on Windows and macOS.",https://en.wikipedia.org/wiki/Spawn_(computing),250
forkserver,"A multiprocessing start method that starts one clean helper process early on, then forks new children from that clean helper instead of from the potentially thread-heavy main process -- the default on Linux/Unix as of Python 3.14.",https://docs.python.org/3/library/multiprocessing.html#contexts-and-start-methods,250
__main__ guard,"The if __name__ == '__main__': block that must wrap any Process-creation code. Without it, the 'spawn' start method would re-import your whole script inside the child, which would try to create its own children, and so on forever.",https://docs.python.org/3/library/__main__.html#idiomatic-usage,268
exitcode,"A finished Process object's .exitcode attribute reports how it ended: 0 means success, a non-zero value signals an error, and a negative value means it was killed by a signal. It stays None until the process has actually finished.",https://docs.python.org/3/library/multiprocessing.html#multiprocessing.Process.exitcode,274
IPC,"Short for Inter-Process Communication: the general term for the mechanisms -- queues, pipes, shared memory -- that separate processes use to exchange data, since unlike threads they don't share memory automatically.",https://en.wikipedia.org/wiki/Inter-process_communication,244
multiprocessing.Queue,"A FIFO queue that's safe to use across separate processes -- items you put() on it get pickled, sent, and unpickled on the other end, since the processes don't actually share memory with each other.",https://docs.python.org/3/library/multiprocessing.html#pipes-and-queues,280
multiprocessing.Pipe,"Creates a pair of connected endpoints for direct, two-way communication between exactly two processes -- generally faster than a Queue, though Queue is the better fit once there are many producers and consumers involved.",https://docs.python.org/3/library/multiprocessing.html#multiprocessing.Pipe,298
duplex,"Pipe's default mode, where both ends can both send and receive data. Pass duplex=False to restrict it to one direction only, known as simplex.",https://docs.python.org/3/library/multiprocessing.html#multiprocessing.Pipe,304
simplex,"A one-directional-only communication channel -- the opposite of Pipe's default duplex mode, where either end can both send and receive. Simplex forces one end to send-only and the other to receive-only.",https://en.wikipedia.org/wiki/Simplex_communication,304
multiprocessing.Value,"Shares a single primitive value, like an int or float given by a type code, between processes via real shared memory, with an optional built-in lock -- read or write it through its .value attribute.",https://docs.python.org/3/library/multiprocessing.html#shared-ctypes-objects,310
multiprocessing.Array,"Like Value, but for a fixed-size, indexable array of primitive values shared via real memory -- its size can't grow or shrink once it's created.",https://docs.python.org/3/library/multiprocessing.html#multiprocessing.Array,316
shared_memory,"A raw, zero-copy block of shared memory that any process can attach to by name, avoiding the pickling overhead of Queue or Manager -- especially useful for large data like NumPy arrays, since it's just bytes with no type information of its own attached.",https://docs.python.org/3/library/multiprocessing.shared_memory.html,322
resource tracker,"A background helper process that can accidentally delete a shared_memory block the moment it thinks nothing needs it anymore -- a known gotcha, since a separate resource tracker can form in a process that wasn't created by plain multiprocessing and clean up memory other processes still expect to exist.",https://docs.python.org/3/library/multiprocessing.shared_memory.html,328
multiprocessing.Manager,"Runs a separate 'manager' server process that actually holds a rich Python object, like a dict or list. Other processes just get a proxy that forwards every operation to it over IPC -- more flexible than Value/Array, but slower due to that extra round-trip.",https://docs.python.org/3/library/multiprocessing.html#managers,334
proxy,"The lightweight stand-in object a Manager gives each process for a shared dict or list. Reading a nested value out of it can return a local copy, so mutating that copy in place doesn't propagate back -- you have to reassign the whole value through the proxy instead.",https://docs.python.org/3/library/multiprocessing.html#proxy-objects,334
multiprocessing.Lock,"A mutex that works across process boundaries, protecting an external shared resource -- like a log file or printer -- that multiple processes might write to at once. It must be created once and passed to each worker process, never recreated inside each one.",https://docs.python.org/3/library/multiprocessing.html#multiprocessing.Lock,346
multiprocessing.RLock,"The process-level reentrant lock -- lets the same process safely re-acquire it multiple times, e.g. in nested calls, without deadlocking itself, mirroring threading.RLock but across process boundaries.",https://docs.python.org/3/library/multiprocessing.html#multiprocessing.RLock,358
multiprocessing.Event,"The process-level version of threading.Event -- the same set()/clear()/wait() flag-based signaling, just usable by separate OS processes instead of threads within one process.",https://docs.python.org/3/library/multiprocessing.html#multiprocessing.Event,364
multiprocessing.Semaphore,"The process-level version of threading.Semaphore -- throttles how many separate processes can concurrently access a limited resource, like an external API or a database connection pool.",https://docs.python.org/3/library/multiprocessing.html#multiprocessing.Semaphore,370
multiprocessing.Barrier,"Blocks every process that calls .wait() on it until a specific number of processes have all reached that same point, then releases them all together at once -- useful for making sure every worker finishes a setup phase before any of them starts the next one.",https://docs.python.org/3/library/multiprocessing.html#multiprocessing.Barrier,376
poison pill,"A special sentinel value, often None, put onto a shared queue purely to tell a worker 'there's no more real work, stop looping and exit cleanly.' You generally need one pill per worker, to make sure every one of them sees it.",https://en.wikipedia.org/wiki/Sentinel_value,382
graceful shutdown,"Letting a process or thread finish its current work and clean up properly -- closing files, releasing locks -- before it stops, rather than forcibly killing it mid-task with something like terminate(). The safer default whenever it's feasible.",https://en.wikipedia.org/wiki/Graceful_exit,388
process.terminate,"Forcibly kills a process immediately, with no chance to run cleanup code -- reserved for workers that are genuinely stuck, since it can leave shared resources, like a half-written file, in a bad state.",https://docs.python.org/3/library/multiprocessing.html#multiprocessing.Process.terminate,388
ThreadPoolExecutor,"A managed pool of reusable worker threads with a simple submit()/map() API that hands back Future objects. A good fit for I/O-bound work, but still GIL-limited for CPU-bound work since it's built on regular threads underneath.",https://docs.python.org/3/library/concurrent.futures.html#concurrent.futures.ThreadPoolExecutor,394
ProcessPoolExecutor,"The same easy submit()/map() API as ThreadPoolExecutor, but backed by real separate OS processes -- gives genuine, GIL-free CPU parallelism, at the cost of higher per-task overhead like pickling arguments and starting processes.",https://docs.python.org/3/library/concurrent.futures.html#concurrent.futures.ProcessPoolExecutor,400
Future object,"A placeholder object returned immediately by executor.submit() (or asyncio's scheduling calls) for a result that isn't ready yet. Check it without blocking via .done(), or block until it's ready via .result(), which returns the value or re-raises the task's exception.",https://docs.python.org/3/library/concurrent.futures.html#future-objects,394
executor.map,"Applies one function across a whole iterable of inputs concurrently in the pool, and returns the results in the same order the inputs were given -- schedules all the work up front rather than lazily as you iterate.",https://docs.python.org/3/library/concurrent.futures.html#concurrent.futures.Executor.map,1850
max_workers,"The parameter that caps how many worker threads or processes a pool will run at once -- extras beyond that queue up internally. Roughly match the CPU core count for CPU-bound work, but go well beyond it for I/O-bound work, since most workers just sit waiting.",https://docs.python.org/3/library/concurrent.futures.html#concurrent.futures.ThreadPoolExecutor,424
backpressure,"The general term, borrowed from plumbing, for slowing down a fast producer to match a slower consumer -- e.g. a bounded queue's put() blocking once it's full, instead of letting memory grow without limit.",https://en.wikipedia.org/wiki/Back_pressure,436
as_completed,"A function that yields each Future or Task as soon as IT individually finishes -- in the order tasks actually complete, not the order you submitted or listed them -- so you can start handling fast results without waiting on a slow one.",https://docs.python.org/3/library/concurrent.futures.html#concurrent.futures.as_completed,466
add_done_callback,"Registers a function to be called automatically the moment a Future finishes, so you don't have to poll or block waiting for it. If the Future is already done when you register it, the callback just runs right away.",https://docs.python.org/3/library/concurrent.futures.html#concurrent.futures.Future.add_done_callback,460
coroutine,"What calling an async def function actually returns -- not the result, just an inert object representing 'work to be done later' that does nothing until it's awaited or scheduled onto the event loop.",https://docs.python.org/3/glossary.html#term-coroutine,484
async def,"The keyword pair that defines a coroutine function -- calling it doesn't run the body immediately, it just creates and returns a coroutine object. You need 'await' (or a scheduling call) to actually run it.",https://docs.python.org/3/reference/compound_stmts.html#async-def,484
await,"Used inside a coroutine to suspend it and hand control back to the event loop until whatever's being awaited is ready. Other coroutines get a chance to run during that suspension, unlike a blocking call, which would freeze everything.",https://en.wikipedia.org/wiki/Async/await,490
event loop,"The single-threaded mechanism, usually one per program, that runs and schedules every asyncio coroutine and callback. Coroutines cooperatively yield control at their own await points, rather than being force-switched on a timer the way OS threads are.",https://en.wikipedia.org/wiki/Event_loop,15
asyncio.run,"The standard top-level entry point for running async code from ordinary synchronous code: it creates a fresh event loop, runs the given coroutine to completion, then cleans up the loop. It can't be called from inside an already-running event loop.",https://docs.python.org/3/library/asyncio-runner.html#asyncio.run,484
asyncio.sleep,"The async-safe version of time.sleep() -- it yields control back to the event loop for the duration of the wait, letting other coroutines make progress, instead of freezing the entire loop the way time.sleep() would.",https://docs.python.org/3/library/asyncio-task.html#asyncio.sleep,484
cooperative multitasking,"asyncio's scheduling model: coroutines voluntarily give up control at their own await points, letting the loop switch to another one. Nothing is force-interrupted on a timer the way OS threads are under the GIL.",https://en.wikipedia.org/wiki/Cooperative_multitasking,496
create_task,"Schedules a coroutine to start running on the event loop right away, in the background. Unlike a plain 'await coro', the calling code doesn't have to wait for it to finish before moving on to do other things.",https://docs.python.org/3/library/asyncio-task.html#asyncio.create_task,526
asyncio.Task,"An asyncio object that wraps a coroutine and actively schedules and runs it on the event loop. It's actually a subclass of Future, so you can later await it, check .done(), or .cancel() it, just like an executor's Future.",https://docs.python.org/3/library/asyncio-task.html#task-object,1915
asyncio.gather,"Runs several coroutines or tasks concurrently and collects all their results together, in the same order they were passed in, once every one of them has finished. An exception from any of them propagates immediately by default.",https://docs.python.org/3/library/asyncio-task.html#asyncio.gather,538
CancelledError,"The exception asyncio raises inside a coroutine at its next await point after task.cancel() is called. The coroutine can catch it to run cleanup code, or let it propagate and end the task in a 'cancelled' state.",https://docs.python.org/3/library/asyncio-exceptions.html#asyncio.CancelledError,550
asyncio.timeout,"An 'async with' context manager, added in Python 3.11, that raises TimeoutError if the code inside the block hasn't finished within the given time, cancelling whatever's still running. Its advantage over wait_for is covering a whole block of multiple awaits under one shared deadline.",https://docs.python.org/3/library/asyncio-task.html#asyncio.timeout,556
asyncio.wait_for,"Awaits a single coroutine but cancels it and raises TimeoutError if it hasn't finished within the given number of seconds -- the classic, older way to put a deadline on one call, before asyncio.timeout() existed.",https://docs.python.org/3/library/asyncio-task.html#asyncio.wait_for,562
TaskGroup,"A structured way, added in Python 3.11, to run multiple child tasks together inside an 'async with' block, guaranteeing every one of them is awaited or cancelled before the block exits -- no task can be silently forgotten or leaked, unlike manually tracking a list of tasks yourself.",https://docs.python.org/3/library/asyncio-task.html#task-groups,568
ExceptionGroup,"A special exception that bundles multiple, possibly different, exceptions raised at the same time -- e.g. when several tasks in a TaskGroup fail concurrently, ExceptionGroup wraps all of them together instead of picking just one to report.",https://peps.python.org/pep-0654/,574
asyncio.wait,"Blocks until some condition about a set of tasks is met, like waiting for just one (FIRST_COMPLETED) or the default of waiting for every task, then returns two sets, done and pending, instead of an iterator. Unlike gather(), it doesn't automatically re-raise exceptions.",https://docs.python.org/3/library/asyncio-task.html#asyncio.wait,580
asyncio.shield,"Protects a coroutine from being cancelled if the OUTER await wrapping it gets cancelled, e.g. by a timeout -- the shielded coroutine keeps running to completion in the background regardless, useful for a critical write that must finish.",https://docs.python.org/3/library/asyncio-task.html#asyncio.shield,586
asyncio.Lock,"The async-native mutex: its acquire() is awaitable, so a coroutine waiting for it yields control back to the event loop, instead of freezing the whole loop the way calling threading.Lock inside a coroutine would.",https://docs.python.org/3/library/asyncio-sync.html#lock,592
asyncio.Semaphore,"The async-native version of a counting semaphore -- caps how many coroutines can be inside a block concurrently, e.g. throttling outbound API calls, using 'async with' instead of a blocking acquire().",https://docs.python.org/3/library/asyncio-sync.html#asyncio.Semaphore,598
asyncio.Event,"The async-native version of threading.Event -- coroutines await event.wait() to pause until some other coroutine calls event.set(), which wakes every one of them at once. event.clear() resets it.",https://docs.python.org/3/library/asyncio-sync.html#asyncio.Event,604
asyncio.Condition,"Combines an asyncio.Lock with the ability to wait()/notify(), letting coroutines wait for a specific shared-state condition to become true while holding the lock safely -- used for coroutine-based producer-consumer coordination.",https://docs.python.org/3/library/asyncio-sync.html#asyncio.Condition,610
asyncio.Queue,"An async-safe FIFO queue where put() and get() are both awaitable coroutine methods. A full queue's put() and an empty queue's get() both suspend the calling coroutine, without freezing the event loop, until there's room or an item.",https://docs.python.org/3/library/asyncio-queue.html,616
StreamReader,"The object returned by asyncio's networking calls, like open_connection(), for reading incoming data. Its read()/readline() methods are awaitable, suspending the coroutine -- not the whole loop -- until enough data has arrived.",https://docs.python.org/3/library/asyncio-stream.html#asyncio.StreamReader,634
StreamWriter,"The counterpart to StreamReader for sending data over an asyncio connection. write() just buffers bytes synchronously, while the separate await writer.drain() call applies backpressure so the outgoing buffer doesn't grow without bound.",https://docs.python.org/3/library/asyncio-stream.html#asyncio.StreamWriter,634
Transport,"The lower-level object that actually sends and receives raw bytes, e.g. over a socket, in asyncio's older callback-based networking API. The event loop hands data to and from a Protocol through it -- most application code should use the simpler streams API instead.",https://docs.python.org/3/library/asyncio-protocol.html#asyncio.Transport,652
Protocol,"The lower-level, callback-based counterpart to Transport -- instead of async def/await, it defines methods like connection_made() and data_received() that the event loop calls automatically as network events happen. StreamReader/StreamWriter are actually built on top of this machinery.",https://docs.python.org/3/library/asyncio-protocol.html#asyncio.Protocol,35
create_subprocess_exec,"Spawns an OS child process, like running a command-line tool, without blocking the event loop, so you can asynchronously read its output as it's produced instead of freezing everything until it finishes.",https://docs.python.org/3/library/asyncio-subprocess.html#asyncio.create_subprocess_exec,659
run_in_executor,"Moves a blocking, synchronous function off the event loop's own thread and into a background thread pool, or a custom executor, so the loop stays free to keep servicing other coroutines while it waits for the result.",https://docs.python.org/3/library/asyncio-eventloop.html#asyncio.loop.run_in_executor,671
asyncio.to_thread,"A simpler convenience wrapper, added in Python 3.9, around run_in_executor() for the common case of just running a blocking function in the default thread pool -- same idea, friendlier syntax.",https://docs.python.org/3/library/asyncio-task.html#asyncio.to_thread,677
run_coroutine_threadsafe,Safely schedules a coroutine onto an event loop that's running on a DIFFERENT thread than the caller -- needed because calling loop methods like create_task() directly from a foreign thread isn't thread-safe. It returns a concurrent.futures.Future rather than an asyncio.Future.,https://docs.python.org/3/library/asyncio-task.html#asyncio.run_coroutine_threadsafe,683
event loop starvation,"When one coroutine hogs the single thread the event loop runs on -- e.g. a tight CPU loop, or a synchronous blocking call with no await point -- so every other coroutine, no matter how ready, has to wait until it finally yields.",https://en.wikipedia.org/wiki/Starvation_(computer_science),1919
producer-consumer pattern,"A design where producers generate work and put it on a shared queue, while separate consumers pull work off and process it -- decoupling the two sides so each can run and scale at its own pace instead of calling each other directly.",https://en.wikipedia.org/wiki/Producer%E2%80%93consumer_problem,201
task_done,"The queue method each consumer calls after finishing one item it got via get(). Paired with queue.join(), which blocks until every item ever put on the queue has had a matching task_done() call -- i.e. until all the work is truly finished, not just removed from the queue.",https://docs.python.org/3/library/queue.html#queue.Queue.task_done,713
starvation,"When a thread, process, or coroutine is perpetually denied the CPU time or resource it needs to make progress -- e.g. an undersized worker pool leaving some tasks waiting indefinitely behind a backlog of others.",https://en.wikipedia.org/wiki/Starvation_(computer_science),514
asyncio debug mode,"An opt-in mode, turned on via asyncio.run(main(), debug=True) or the PYTHONASYNCIODEBUG environment variable, that adds extra runtime checks -- like flagging a coroutine that was created but never awaited, or warning about unusually slow callbacks -- normally skipped for performance.",https://docs.python.org/3/library/asyncio-dev.html#debug-mode,749
SIGINT,"The OS signal sent when you press Ctrl+C. Python's default reaction is to raise KeyboardInterrupt and exit, but you can intercept it, via signal.signal() or, inside asyncio, loop.add_signal_handler(), to run cleanup first.",https://docs.python.org/3/library/signal.html,756
SIGTERM,"The OS signal a process manager typically sends to politely ask a program to shut down. Unlike SIGKILL, a program can catch it and run graceful cleanup, like signaling workers with a poison pill, before actually exiting.",https://docs.python.org/3/library/signal.html#signal.SIGTERM,756
cProfile,"The standard library's deterministic function-call profiler -- useful on concurrent code, but with real caveats: it only profiles the thread that ran it, and a separate process needs to be profiled independently, since each has its own memory and profiler state.",https://docs.python.org/3/library/profile.html,743
FIFO,Short for First-In-First-Out -- describes a queue where the first item put in is the first one to come back out. This is the default order for both queue.Queue and asyncio.Queue.,https://en.wikipedia.org/wiki/FIFO_(computing_and_electronics),286
LifoQueue,"A stack-like queue variant -- instead of FIFO order, the most recently added item comes out first, last-in-first-out. Available in both the standard queue module and asyncio.",https://docs.python.org/3/library/queue.html#queue.LifoQueue,622
PriorityQueue,"A queue variant that always returns whichever item has the lowest priority value first, regardless of what order items were actually added in -- requires the items to be orderable/comparable with each other.",https://docs.python.org/3/library/queue.html#queue.PriorityQueue,622
CPU,Central processing unit: the processor that executes a program's instructions.,https://en.wikipedia.org/wiki/Central_processing_unit,
RAM,Random-access memory: the fast working memory a computer uses to hold running programs and data.,https://en.wikipedia.org/wiki/Random-access_memory,
API,Application programming interface: a defined way for one program to ask another for something.,https://en.wikipedia.org/wiki/API,
APIs,Application programming interfaces: defined ways for one program to ask another for something.,https://en.wikipedia.org/wiki/API,
HTTP,HyperText Transfer Protocol: the protocol web browsers and servers use to exchange pages and data.,https://en.wikipedia.org/wiki/HTTP,
TCP,"Transmission Control Protocol: the reliable, ordered connection most network programs use.",https://en.wikipedia.org/wiki/Transmission_Control_Protocol,
DB,Database: an organised store of data that programs can query and update.,https://en.wikipedia.org/wiki/Database,
GUI,"Graphical user interface: windows, buttons and menus that people click instead of typing commands.",https://en.wikipedia.org/wiki/Graphical_user_interface,
URLs,Uniform resource locators: the web addresses of pages.,https://en.wikipedia.org/wiki/URL,
IDs,"Identifiers: unique names or numbers that pick out one thing, such as a thread ID.",https://en.wikipedia.org/wiki/Identifier,
NumPy,A Python library for fast numerical arrays; it releases the GIL inside many of its operations.,https://en.wikipedia.org/wiki/NumPy,
PEP,Python Enhancement Proposal: a numbered design document for Python.,https://peps.python.org/pep-0001/,
LIFO,"Last in, first out: the item added most recently is the first to be removed, like a stack.",https://en.wikipedia.org/wiki/Stack_(abstract_data_type),
EOF,End of file: the signal that a stream has no more data to read.,https://en.wikipedia.org/wiki/End-of-file,
ValueError,The exception Python raises when a value has the right type but is not acceptable.,https://docs.python.org/3/library/exceptions.html#ValueError,
RuntimeError,The exception Python raises for an error that does not fit any other category.,https://docs.python.org/3/library/exceptions.html#RuntimeError,
TimeoutError,The exception raised when an operation takes longer than its allowed time.,https://docs.python.org/3/library/exceptions.html#TimeoutError,
SyntaxError,The exception raised when Python cannot parse the code.,https://docs.python.org/3/library/exceptions.html#SyntaxError,
RuntimeWarning,"A warning category for suspicious runtime behaviour, such as a coroutine that was never awaited.",https://docs.python.org/3/library/exceptions.html#RuntimeWarning,
SIGKILL,The signal that ends a process at once and cannot be caught or ignored.,https://docs.python.org/3/library/signal.html#signal.SIGKILL,
Thread,The class that runs a function in a separate thread of the same process.,https://docs.python.org/3/library/threading.html#threading.Thread,15
start(),"Begins running the thread, process or server that was just created.",https://docs.python.org/3/library/threading.html#threading.Thread.start,
run(),The method holding the code a thread or process executes; start() calls it for you.,https://docs.python.org/3/library/threading.html#threading.Thread.run,
join(),"Waits until a thread, process or queue has finished its work.",https://docs.python.org/3/library/threading.html#threading.Thread.join,
is_alive(),Returns True while the thread or process is still running.,https://docs.python.org/3/library/threading.html#threading.Thread.is_alive,
Lock,"A lock that only one thread can hold at a time, used to protect shared data.",https://docs.python.org/3/library/threading.html#threading.Lock,8
RLock,A reentrant lock: the thread that holds it can acquire it again without blocking itself.,https://docs.python.org/3/library/threading.html#threading.RLock,146
Semaphore,A counter-based lock that lets a fixed number of threads in at once.,https://docs.python.org/3/library/threading.html#threading.Semaphore,146
BoundedSemaphore,A semaphore that raises an error if it is released more times than it was acquired.,https://docs.python.org/3/library/threading.html#threading.BoundedSemaphore,
Event,A simple flag that one thread sets and other threads wait for.,https://docs.python.org/3/library/threading.html#threading.Event,15
acquire(),"Takes a lock, waiting if another thread already holds it.",https://docs.python.org/3/library/threading.html#threading.Lock.acquire,
release(),Gives a lock back so another thread can take it.,https://docs.python.org/3/library/threading.html#threading.Lock.release,
wait(),"Blocks until an event is set, a condition is notified or a barrier is full.",https://docs.python.org/3/library/threading.html#threading.Event.wait,
set(),Sets an event's flag to true and wakes every thread waiting on it.,https://docs.python.org/3/library/threading.html#threading.Event.set,
clear(),Resets an event's flag to false.,https://docs.python.org/3/library/threading.html#threading.Event.clear,
is_set(),Returns True if the event's flag is currently set.,https://docs.python.org/3/library/threading.html#threading.Event.is_set,
notify(),Wakes one thread that is waiting on a condition.,https://docs.python.org/3/library/threading.html#threading.Condition.notify,
notify_all(),Wakes every thread that is waiting on a condition.,https://docs.python.org/3/library/threading.html#threading.Condition.notify_all,
notifyAll(),"The old camel-case name of notify_all(), kept for compatibility.",https://docs.python.org/3/library/threading.html#threading.Condition.notify_all,
Barrier,A rendezvous point where a fixed number of threads wait until all have arrived.,https://docs.python.org/3/library/threading.html#threading.Barrier,146
threading.current_thread(),Returns the Thread object for the thread that is running the code.,https://docs.python.org/3/library/threading.html#threading.current_thread,
threading.main_thread(),Returns the Thread object of the program's main thread.,https://docs.python.org/3/library/threading.html#threading.main_thread,
threading.enumerate(),Returns a list of every thread that is currently alive.,https://docs.python.org/3/library/threading.html#threading.enumerate,
threading.active_count(),Returns how many threads are currently alive.,https://docs.python.org/3/library/threading.html#threading.active_count,
sys.setswitchinterval(),"Sets how long, in seconds, a thread may run before the interpreter considers switching to another.",https://docs.python.org/3/library/sys.html#sys.setswitchinterval,
sys.exit(),Raises SystemExit to end the program; in a non-main thread it only ends that thread.,https://docs.python.org/3/library/sys.html#sys.exit,
time.sleep(),Pauses the calling thread for the given number of seconds.,https://docs.python.org/3/library/time.html#time.sleep,
os.cpu_count(),Returns how many CPU cores the machine has.,https://docs.python.org/3/library/os.html#os.cpu_count,
os._exit(),Ends the process immediately without cleanup handlers.,https://docs.python.org/3/library/os.html#os._exit,
signal.signal(),Registers a function to run when the process receives a given signal.,https://docs.python.org/3/library/signal.html#signal.signal,
subprocess.run(),"Runs an external command, waits for it to finish and returns the result.",https://docs.python.org/3/library/subprocess.html#subprocess.run,
communicate(),Sends input to a subprocess and reads its output until it exits.,https://docs.python.org/3/library/subprocess.html#subprocess.Popen.communicate,
concurrent.futures,The standard-library module with thread and process pool executors.,https://docs.python.org/3/library/concurrent.futures.html,
submit(),Schedules a function on an executor and returns a Future for its result.,https://docs.python.org/3/library/concurrent.futures.html#concurrent.futures.Executor.submit,
map(),Runs a function over many inputs in an executor and yields the results in order.,https://docs.python.org/3/library/concurrent.futures.html#concurrent.futures.Executor.map,
shutdown(),Tells an executor to finish its work and free its workers.,https://docs.python.org/3/library/concurrent.futures.html#concurrent.futures.Executor.shutdown,
result(),"Returns a Future's value, waiting for it if necessary, or raises its exception.",https://docs.python.org/3/library/concurrent.futures.html#concurrent.futures.Future.result,
done(),"Returns True if a Future has finished, failed or been cancelled.",https://docs.python.org/3/library/concurrent.futures.html#concurrent.futures.Future.done,
cancel(),Tries to cancel a Future or asyncio task that has not finished yet.,https://docs.python.org/3/library/concurrent.futures.html#concurrent.futures.Future.cancel,
cancelled(),Returns True if a Future or task was cancelled.,https://docs.python.org/3/library/concurrent.futures.html#concurrent.futures.Future.cancelled,
ALL_COMPLETED,The wait() option that returns only when every future has finished.,https://docs.python.org/3/library/concurrent.futures.html#concurrent.futures.ALL_COMPLETED,
FIRST_COMPLETED,The wait() option that returns as soon as any future finishes.,https://docs.python.org/3/library/concurrent.futures.html#concurrent.futures.FIRST_COMPLETED,
Queue,"A thread-safe first-in, first-out queue for passing items between threads.",https://docs.python.org/3/library/queue.html#queue.Queue,122
get(),"Removes and returns the next item from a queue, waiting if it is empty.",https://docs.python.org/3/library/queue.html#queue.Queue.get,
put(),"Adds an item to a queue, waiting if the queue is full.",https://docs.python.org/3/library/queue.html#queue.Queue.put,
get_nowait(),"Returns the next item from a queue at once, or raises queue.Empty if there is none.",https://docs.python.org/3/library/queue.html#queue.Queue.get_nowait,
empty(),Returns True if a queue has no items right now; the answer may be stale.,https://docs.python.org/3/library/queue.html#queue.Queue.empty,
terminate(),Stops a process by sending it SIGTERM.,https://docs.python.org/3/library/multiprocessing.html#multiprocessing.Process.terminate,
kill(),Stops a process at once by sending it SIGKILL.,https://docs.python.org/3/library/multiprocessing.html#multiprocessing.Process.kill,
get_context(),"Returns a multiprocessing context that uses a chosen start method, such as spawn.",https://docs.python.org/3/library/multiprocessing.html#multiprocessing.get_context,
Pipe(),Creates a two-way connection between two processes.,https://docs.python.org/3/library/multiprocessing.html#multiprocessing.Pipe,
send(),Sends an object through a pipe connection.,https://docs.python.org/3/library/multiprocessing.html#multiprocessing.connection.Connection.send,
recv(),"Receives an object from a pipe connection, waiting until one arrives.",https://docs.python.org/3/library/multiprocessing.html#multiprocessing.connection.Connection.recv,
SharedMemory,A block of memory that several processes can read and write directly.,https://docs.python.org/3/library/multiprocessing.shared_memory.html#multiprocessing.shared_memory.SharedMemory,
unlink(),Deletes a shared memory block once no process needs it.,https://docs.python.org/3/library/multiprocessing.shared_memory.html#multiprocessing.shared_memory.SharedMemory.unlink,
close(),"Releases this process's access to a shared memory block, a stream or a connection.",https://docs.python.org/3/library/multiprocessing.shared_memory.html#multiprocessing.shared_memory.SharedMemory.close,
manager.dict(),Creates a dictionary that several processes can share through a manager.,https://docs.python.org/3/library/multiprocessing.html#multiprocessing.managers.SyncManager.dict,
manager.list(),Creates a list that several processes can share through a manager.,https://docs.python.org/3/library/multiprocessing.html#multiprocessing.managers.SyncManager.list,
gather(),Runs several awaitables at the same time and returns all their results.,https://docs.python.org/3/library/asyncio-task.html#asyncio.gather,
wait_for(),Waits for an awaitable but raises TimeoutError if it takes too long.,https://docs.python.org/3/library/asyncio-task.html#asyncio.wait_for,
shield(),Protects an awaitable from being cancelled when the task that awaits it is cancelled.,https://docs.python.org/3/library/asyncio-task.html#asyncio.shield,
to_thread(),Runs a blocking function in a worker thread so the event loop stays responsive.,https://docs.python.org/3/library/asyncio-task.html#asyncio.to_thread,
open_connection(),Opens a TCP connection and returns a reader and a writer.,https://docs.python.org/3/library/asyncio-stream.html#asyncio.open_connection,
start_server(),Starts a TCP server that calls your callback for each new connection.,https://docs.python.org/3/library/asyncio-stream.html#asyncio.start_server,
drain(),Waits until the write buffer of a stream writer is flushed.,https://docs.python.org/3/library/asyncio-stream.html#asyncio.StreamWriter.drain,
write(),Adds data to a stream writer's buffer or writes it to a file.,https://docs.python.org/3/library/asyncio-stream.html#asyncio.StreamWriter.write,
readline(),"Reads one line from a stream, up to the newline.",https://docs.python.org/3/library/asyncio-stream.html#asyncio.StreamReader.readline,
connection_made(),The protocol callback that runs when a connection is established.,https://docs.python.org/3/library/asyncio-protocol.html#asyncio.BaseProtocol.connection_made,
data_received(),The protocol callback that runs when data arrives on a connection.,https://docs.python.org/3/library/asyncio-protocol.html#asyncio.Protocol.data_received,
add_signal_handler(),Registers an event-loop callback for an operating-system signal.,https://docs.python.org/3/library/asyncio-eventloop.html#asyncio.loop.add_signal_handler,
requests.get(),The requests library call that sends an HTTP GET request; it blocks until the reply arrives.,https://requests.readthedocs.io/en/latest/api/#requests.get,
append(),The list method that adds one item to the end of the list.,https://docs.python.org/3/tutorial/datastructures.html#more-on-lists,
pop(),"The list method that removes and returns an item, the last one by default.",https://docs.python.org/3/tutorial/datastructures.html#more-on-lists,
print(),The built-in function that writes text to the screen.,https://docs.python.org/3/library/functions.html#print,
is_alive,Returns True while the thread or process is still running.,https://docs.python.org/3/library/threading.html#threading.Thread.is_alive,
active_count,Returns how many threads are currently alive.,https://docs.python.org/3/library/threading.html#threading.active_count,
current_thread,Returns the Thread object for the thread that is running the code.,https://docs.python.org/3/library/threading.html#threading.current_thread,
main_thread,Returns the Thread object of the program's main thread.,https://docs.python.org/3/library/threading.html#threading.main_thread,
enumerate(),Returns a list of every thread that is currently alive.,https://docs.python.org/3/library/threading.html#threading.enumerate,
setswitchinterval,"Sets how long, in seconds, a thread may run before the interpreter considers switching to another.",https://docs.python.org/3/library/sys.html#sys.setswitchinterval,53
cpu_count,Returns how many CPU cores the machine has.,https://docs.python.org/3/library/os.html#os.cpu_count,
notify_all,Wakes every thread that is waiting on a condition.,https://docs.python.org/3/library/threading.html#threading.Condition.notify_all,
wait_for,Waits for an awaitable but raises TimeoutError if it takes too long.,https://docs.python.org/3/library/asyncio-task.html#asyncio.wait_for,
open_connection,Opens a TCP connection and returns a reader and a writer.,https://docs.python.org/3/library/asyncio-stream.html#asyncio.open_connection,
start_server,Starts a TCP server that calls your callback for each new connection.,https://docs.python.org/3/library/asyncio-stream.html#asyncio.start_server,
to_thread,Runs a blocking function in a worker thread so the event loop stays responsive.,https://docs.python.org/3/library/asyncio-task.html#asyncio.to_thread,
add_signal_handler,Registers an event-loop callback for an operating-system signal.,https://docs.python.org/3/library/asyncio-eventloop.html#asyncio.loop.add_signal_handler,
read(),"Reads data from a stream, a pipe or a value's contents.",https://docs.python.org/3/library/asyncio-stream.html#asyncio.StreamReader.read,
asyncio.timeout(),An async context manager that gives the block inside it one shared deadline.,https://docs.python.org/3/library/asyncio-task.html#asyncio.timeout,
timeout(),An asyncio async context manager that cancels the block inside it when its deadline passes.,https://docs.python.org/3/library/asyncio-task.html#asyncio.timeout,
